INSERT INTO group_topics (id, group_id, topic_id) VALUES (1, 1, 8);
INSERT INTO group_topics (id, group_id, topic_id) VALUES (2, 1, 9);
INSERT INTO group_topics (id, group_id, topic_id) VALUES (3, 1, 10);
INSERT INTO group_topics (id, group_id, topic_id) VALUES (4, 5, 11);
INSERT INTO group_topics (id, group_id, topic_id) VALUES (5, 5, 12);
INSERT INTO group_topics (id, group_id, topic_id) VALUES (6, 2, 13);
INSERT INTO group_topics (id, group_id, topic_id) VALUES (7, 4, 14);
INSERT INTO group_topics (id, group_id, topic_id) VALUES (8, 7, 15);
INSERT INTO group_topics (id, group_id, topic_id) VALUES (9, 6, 16);
INSERT INTO group_topics (id, group_id, topic_id) VALUES (10, 3, 17);
INSERT INTO group_topics (id, group_id, topic_id) VALUES (11, 4, 18);
INSERT INTO group_topics (id, group_id, topic_id) VALUES (12, 1, 19);
INSERT INTO group_topics (id, group_id, topic_id) VALUES (13, 1, 20);
INSERT INTO posts (id, content, user_id, topic_id, created_at) VALUES (1, 'I know how to do it, call me +9387778899', 1, 8, '2019-02-02 12:11:02.017341');
INSERT INTO posts (id, content, user_id, topic_id, created_at) VALUES (2, 'It is impossible, I''am sorry', 3, 8, '2019-02-02 12:16:29.504298');
INSERT INTO posts (id, content, user_id, topic_id, created_at) VALUES (3, 'There a lot of ways how to repair', 2, 8, '2019-02-02 12:32:45.809206');
INSERT INTO posts (id, content, user_id, topic_id, created_at) VALUES (4, 'Try aspirin', 3, 14, '2019-02-02 12:33:18.679352');
INSERT INTO posts (id, content, user_id, topic_id, created_at) VALUES (5, 'It is not interesting', 2, 15, '2019-02-02 13:44:28.930136');
INSERT INTO posts (id, content, user_id, topic_id, created_at) VALUES (6, 'Hello, i know about this', 6, 8, '2019-02-02 14:02:19.198315');
INSERT INTO posts (id, content, user_id, topic_id, created_at) VALUES (7, 'Very interesting theme', 4, 8, '2019-02-02 14:25:05.633671');
INSERT INTO posts (id, content, user_id, topic_id, created_at) VALUES (8, 'Next post about medicine', 1, 14, '2019-02-02 14:30:06.707594');
INSERT INTO posts (id, content, user_id, topic_id, created_at) VALUES (9, 'In my opinion it should be like this', 4, 14, '2019-02-02 14:30:27.977004');
INSERT INTO posts (id, content, user_id, topic_id, created_at) VALUES (10, 'Look at me', 5, 14, '2019-02-02 14:30:58.154623');
INSERT INTO posts (id, content, user_id, topic_id, created_at) VALUES (11, 'Next one', 3, 8, '2019-02-02 14:37:02.749387');
INSERT INTO posts (id, content, user_id, topic_id, created_at) VALUES (12, 'Hi', 3, 9, '2019-02-03 06:11:11.010240');
INSERT INTO posts (id, content, user_id, topic_id, created_at) VALUES (13, 'Go to service', 5, 10, '2019-02-03 06:11:40.501047');
INSERT INTO posts (id, content, user_id, topic_id, created_at) VALUES (14, 'Lern Java! It is the best OOP language', 4, 16, '2019-02-03 06:13:21.770365');
INSERT INTO posts (id, content, user_id, topic_id, created_at) VALUES (15, 'Tell me more about this, please', 5, 17, '2019-02-03 06:53:54.667229');
INSERT INTO posts (id, content, user_id, topic_id, created_at) VALUES (16, 'Is anybody here?', 5, 17, '2019-02-03 07:11:56.688396');
INSERT INTO posts (id, content, user_id, topic_id, created_at) VALUES (17, 'Awesome', 7, 13, '2019-02-03 16:51:08.184959');
INSERT INTO posts (id, content, user_id, topic_id, created_at) VALUES (18, 'Next test post about realty in 2019', 4, 17, '2019-02-04 12:34:55.346773');
INSERT INTO posts (id, content, user_id, topic_id, created_at) VALUES (19, 'Next test post about realty in 2019 from Kevin', 6, 17, '2019-02-04 12:35:25.094348');
INSERT INTO posts (id, content, user_id, topic_id, created_at) VALUES (20, 'Another post about realty by Dima', 1, 17, '2019-02-04 12:36:04.474838');
INSERT INTO posts (id, content, user_id, topic_id, created_at) VALUES (21, 'Next post about fashion by Alexander', 3, 13, '2019-02-04 12:36:47.395810');
INSERT INTO posts (id, content, user_id, topic_id, created_at) VALUES (22, 'Next post about Fashion by Steve', 7, 13, '2019-02-04 12:37:02.544230');
INSERT INTO posts (id, content, user_id, topic_id, created_at) VALUES (23, 'Next post about new summer skirts by Ivan', 4, 13, '2019-02-04 12:37:29.041195');
INSERT INTO posts (id, content, user_id, topic_id, created_at) VALUES (24, 'New post about summer skirts by Mark', 2, 13, '2019-02-04 12:37:46.072667');
INSERT INTO posts (id, content, user_id, topic_id, created_at) VALUES (25, 'Awesome post about buildings on pravda street by Dima', 1, 11, '2019-02-04 12:40:12.680667');
INSERT INTO posts (id, content, user_id, topic_id, created_at) VALUES (26, 'Awesome post about buildings on pravda street by Mark', 2, 11, '2019-02-04 12:40:25.588616');
INSERT INTO posts (id, content, user_id, topic_id, created_at) VALUES (27, 'Awesome post about buildings on pravda street by Alexander', 3, 11, '2019-02-04 12:40:38.579258');
INSERT INTO posts (id, content, user_id, topic_id, created_at) VALUES (28, 'Awesome post about buildings on pravda street by Dima', 5, 11, '2019-02-04 12:40:46.188091');
INSERT INTO posts (id, content, user_id, topic_id, created_at) VALUES (29, 'Post about OOP learning by Dima', 1, 16, '2019-02-04 12:41:08.701635');
INSERT INTO posts (id, content, user_id, topic_id, created_at) VALUES (30, 'Ver interesting (by John)', 5, 15, '2019-02-04 12:41:28.885551');
INSERT INTO posts (id, content, user_id, topic_id, created_at) VALUES (31, 'Post about Polo by Alexander', 3, 10, '2019-02-04 12:41:40.798147');
INSERT INTO posts (id, content, user_id, topic_id, created_at) VALUES (32, 'Post about search spare parts by Ivan', 4, 9, '2019-02-04 12:41:55.633517');
INSERT INTO posts (id, content, user_id, topic_id, created_at) VALUES (33, 'About spare parts by Steve', 7, 9, '2019-02-04 12:42:08.379070');
INSERT INTO posts (id, content, user_id, topic_id, created_at) VALUES (34, 'Post about gasoline by', 6, 10, '2019-02-04 12:42:22.006147');
INSERT INTO posts (id, content, user_id, topic_id, created_at) VALUES (35, 'Post about politics by Kevin', 6, 15, '2019-02-04 12:42:38.656075');
INSERT INTO posts (id, content, user_id, topic_id, created_at) VALUES (36, 'Post about programming by', 4, 16, '2019-02-04 12:42:53.141555');
INSERT INTO posts (id, content, user_id, topic_id, created_at) VALUES (37, 'Post about porgramming by Kevin', 6, 16, '2019-02-04 12:43:08.527930');
INSERT INTO posts (id, content, user_id, topic_id, created_at) VALUES (38, 'Post about politics by Alexander', 3, 15, '2019-02-04 12:43:32.195613');
INSERT INTO posts (id, content, user_id, topic_id, created_at) VALUES (39, 'Post about programming by John', 5, 16, '2019-02-04 12:44:03.076467');
INSERT INTO posts (id, content, user_id, topic_id, created_at) VALUES (40, 'First important post by Mark', 2, 18, '2019-02-04 12:44:55.649974');
INSERT INTO posts (id, content, user_id, topic_id, created_at) VALUES (41, 'Next important medicin post by John', 5, 18, '2019-02-04 12:45:09.178496');
INSERT INTO posts (id, content, user_id, topic_id, created_at) VALUES (42, 'Next important post by Steve about Med', 7, 18, '2019-02-04 12:45:37.235135');
INSERT INTO posts (id, content, user_id, topic_id, created_at) VALUES (43, 'Message from Kevin', 6, 18, '2019-02-04 12:46:09.659689');
INSERT INTO posts (id, content, user_id, topic_id, created_at) VALUES (44, 'Bmw is the most expensive car', 2, 19, '2019-02-04 12:47:06.029177');
INSERT INTO posts (id, content, user_id, topic_id, created_at) VALUES (45, 'Next message by John', 5, 20, '2019-02-04 12:47:22.345163');
INSERT INTO posts (id, content, user_id, topic_id, created_at) VALUES (46, 'Next message by Mark', 2, 20, '2019-02-04 12:47:32.794676');
INSERT INTO posts (id, content, user_id, topic_id, created_at) VALUES (47, 'Next awesome comment by Steve', 7, 20, '2019-02-04 12:47:56.429597');
INSERT INTO posts (id, content, user_id, topic_id, created_at) VALUES (48, 'Next commen by Steve', 7, 19, '2019-02-04 12:48:10.262723');
INSERT INTO posts (id, content, user_id, topic_id, created_at) VALUES (49, 'Next comment by John', 5, 20, '2019-02-04 12:48:23.112354');
INSERT INTO posts (id, content, user_id, topic_id, created_at) VALUES (50, 'Next post by ALexander', 3, 20, '2019-02-04 12:48:39.578232');
INSERT INTO posts (id, content, user_id, topic_id, created_at) VALUES (51, 'Fastest message by Alexander', 3, 19, '2019-02-04 12:49:11.660643');
INSERT INTO posts (id, content, user_id, topic_id, created_at) VALUES (52, 'Interesting post by Kevin', 6, 19, '2019-02-04 12:49:32.246015');
INSERT INTO term_types (id, label) VALUES (1, 'Groups');
INSERT INTO term_types (id, label) VALUES (2, 'Topics');
INSERT INTO term_types (id, label) VALUES (3, 'Tags');
INSERT INTO terms (id, type_id, title, created_at) VALUES (1, 1, 'Auto', '2019-02-02 11:51:10.760071');
INSERT INTO terms (id, type_id, title, created_at) VALUES (2, 1, 'Fashion', '2019-02-02 11:51:15.070661');
INSERT INTO terms (id, type_id, title, created_at) VALUES (3, 1, 'Realty', '2019-02-02 11:51:18.270519');
INSERT INTO terms (id, type_id, title, created_at) VALUES (4, 1, 'Medicin', '2019-02-02 11:51:31.089109');
INSERT INTO terms (id, type_id, title, created_at) VALUES (5, 1, 'Development', '2019-02-02 11:51:46.103315');
INSERT INTO terms (id, type_id, title, created_at) VALUES (6, 1, 'Programming', '2019-02-02 11:51:53.172587');
INSERT INTO terms (id, type_id, title, created_at) VALUES (7, 1, 'Politics', '2019-02-02 11:52:00.974405');
INSERT INTO terms (id, type_id, title, created_at) VALUES (8, 2, 'Repair brake system on BMW e60 05-08', '2019-02-02 11:53:17.063055');
INSERT INTO terms (id, type_id, title, created_at) VALUES (9, 2, 'Search for spare parts for Mercedes', '2019-02-02 11:54:15.399955');
INSERT INTO terms (id, type_id, title, created_at) VALUES (10, 2, 'The smell of gasoline in the Volkswagen Polo 2011 saloon', '2019-02-02 11:55:54.316680');
INSERT INTO terms (id, type_id, title, created_at) VALUES (11, 2, 'New buildings on Pravda street', '2019-02-02 11:57:06.087711');
INSERT INTO terms (id, type_id, title, created_at) VALUES (12, 2, 'The developer promise to repair the apartment', '2019-02-02 11:59:03.036535');
INSERT INTO terms (id, type_id, title, created_at) VALUES (13, 2, 'New summer skirts', '2019-02-02 11:59:48.279534');
INSERT INTO terms (id, type_id, title, created_at) VALUES (14, 2, 'What pills help for headaches', '2019-02-02 12:00:42.026604');
INSERT INTO terms (id, type_id, title, created_at) VALUES (15, 2, 'Victory of the President of Venezuela', '2019-02-02 12:01:54.932925');
INSERT INTO terms (id, type_id, title, created_at) VALUES (16, 2, 'Which programming language is the best for learning OOP', '2019-02-02 12:02:44.854209');
INSERT INTO terms (id, type_id, title, created_at) VALUES (17, 2, 'In 2019, the cost per square meter will grow', '2019-02-02 12:03:50.976696');
INSERT INTO terms (id, type_id, title, created_at) VALUES (18, 2, 'New interesting topic about Medicin', '2019-02-04 12:44:37.497758');
INSERT INTO terms (id, type_id, title, created_at) VALUES (19, 2, 'Fastest cars in the world', '2019-02-04 12:46:31.211647');
INSERT INTO terms (id, type_id, title, created_at) VALUES (20, 2, 'The most expensive cars in USA', '2019-02-04 12:46:44.293925');
INSERT INTO users (id, username) VALUES (1, 'Dima');
INSERT INTO users (id, username) VALUES (2, 'Mark');
INSERT INTO users (id, username) VALUES (3, 'Alexander');
INSERT INTO users (id, username) VALUES (4, 'Ivan');
INSERT INTO users (id, username) VALUES (5, 'John');
INSERT INTO users (id, username) VALUES (6, 'Kevin');
INSERT INTO users (id, username) VALUES (7, 'Steve');